{
  "k": 10,
  "popularity": {
    "recall@k": 0.06410782920140884,
    "map@k": 0.19099324218136102,
    "ndcg@k": 0.293936429868008
  },
  "item_item": {
    "recall@k": 0.0034541984732824427,
    "map@k": 0.004583333333333333,
    "ndcg@k": 0.02044267332753704
  },
  "two_stage": {
    "recall@k": 0.07451543854706102,
    "map@k": 0.22717153858242964,
    "ndcg@k": 0.3217944942029198
  },
  "run_id": "20260409T233731Z",
  "data_dir": "data/ml-latest-small"
}